image_id,mask_id,foci_count,label
image_4_D35,4,1,OTHER
image_4_D35,13,1,ADR
image_4_D35,15,3,ADR
image_4_D35,17,1,OTHER
image_4_D35,20,2,OTHER
image_4_D35,25,1,ADR
image_4_D35,27,1,OTHER
image_4_D35,29,2,ADR
image_4_D35,30,1,OTHER
image_4_D35,31,1,ADR
image_4_D35,32,1,OTHER
image_4_D35,36,2,OTHER
image_4_D35,39,1,ADR
image_4_D35,42,1,OTHER
image_4_D35,52,1,ADR
image_7_D35,4,1,OTHER
image_7_D35,8,1,ADR
image_7_D35,9,2,MES
image_7_D35,11,2,ADR
image_7_D35,12,1,OTHER
image_7_D35,13,3,MES
image_7_D35,15,1,ADR
image_2_D35,2,1,MES
image_2_D35,8,2,OTHER
image_2_D35,10,1,OTHER
image_2_D35,12,2,OTHER
image_2_D35,13,2,OTHER
image_2_D35,15,1,OTHER
image_9_D35,6,3,MES
image_9_D35,13,1,ADR
image_9_D35,14,1,ADR
image_0_D35,1,1,MES
image_0_D35,2,29,MES
image_8_D35,5,1,ADR
image_8_D35,6,1,ADR
image_8_D35,10,1,OTHER
image_8_D35,13,1,ADR
image_8_D35,16,1,OTHER
image_8_D35,25,1,OTHER
image_10_D35,3,7,MES
image_10_D35,10,2,OTHER
image_10_D35,24,1,OTHER
image_10_D35,55,1,OTHER
image_1_D35,3,1,MES
image_3_D35,1,1,MES
image_3_D35,6,1,OTHER
image_3_D35,8,1,OTHER
image_3_D35,11,4,OTHER
image_3_D35,16,1,ADR
image_5_D35,8,2,ADR
image_5_D35,11,2,ADR
image_5_D35,13,1,OTHER
image_5_D35,14,1,ADR
image_5_D35,15,4,OTHER
image_5_D35,21,2,OTHER
image_5_D35,24,1,ADR
image_5_D35,32,1,OTHER
image_5_D35,43,3,OTHER
image_5_D35,51,1,OTHER
image_5_D35,56,1,OTHER
image_5_D35,61,1,ADR
image_5_D35,65,1,ADR
image_5_D35,72,1,OTHER
image_5_D35,76,1,ADR
image_5_D35,84,1,ADR
image_5_D35,91,1,OTHER
image_5_D35,92,1,OTHER
image_6_D35,8,1,OTHER
image_6_D35,9,1,OTHER
image_6_D35,10,1,ADR
image_6_D35,16,1,OTHER
image_16_D35,1,6,MES
image_16_D35,6,1,OTHER
image_16_D35,11,2,OTHER
image_16_D35,17,10,MES
image_16_D35,19,1,MES
image_16_D35,21,7,OTHER
image_16_D35,22,5,OTHER
image_12_D35,3,4,ADR
image_12_D35,4,3,ADR
image_12_D35,5,1,OTHER
image_12_D35,6,6,MES
image_22_D35,8,8,MES
image_22_D35,14,1,OTHER
image_22_D35,17,1,OTHER
image_22_D35,19,1,OTHER
image_22_D35,21,9,MES
image_22_D35,27,1,ADR
image_22_D35,37,1,ADR
image_22_D35,39,1,ADR
image_22_D35,42,2,ADR
image_22_D35,43,1,ADR
image_22_D35,45,8,MES
image_22_D35,47,12,MES
image_26_D35,5,1,MES
image_26_D35,10,1,MES
image_26_D35,14,1,MES
image_26_D35,28,1,ADR
image_26_D35,33,2,OTHER
image_26_D35,48,2,MES
image_26_D35,49,2,MES
image_26_D35,54,2,ADR
image_26_D35,68,1,OTHER
image_26_D35,74,1,OTHER
image_4_D35,2,1,ADR
image_4_D35,3,1,ADR
image_4_D35,5,1,ADR
image_4_D35,6,20,MES
image_4_D35,9,8,OTHER
image_4_D35,10,14,MES
image_4_D35,14,21,MES
image_4_D35,15,8,MES
image_4_D35,16,1,ADR
image_4_D35,17,4,OTHER
image_7_D35,4,4,ADR
image_7_D35,5,2,ADR
image_7_D35,6,5,OTHER
image_7_D35,7,1,ADR
image_7_D35,8,1,ADR
image_7_D35,9,1,ADR
image_7_D35,12,3,ADR
image_7_D35,16,3,ADR
image_7_D35,18,1,ADR
image_7_D35,20,7,ADR
image_7_D35,24,2,ADR
image_7_D35,25,6,OTHER
image_7_D35,26,1,ADR
image_7_D35,27,1,ADR
image_7_D35,29,2,ADR
image_7_D35,30,13,MES
image_7_D35,31,3,ADR
image_7_D35,32,2,ADR
image_2_D35,1,1,OTHER
image_2_D35,4,1,ADR
image_2_D35,5,2,OTHER
image_2_D35,6,1,ADR
image_2_D35,8,2,OTHER
image_2_D35,10,1,ADR
image_2_D35,11,1,ADR
image_2_D35,12,1,OTHER
image_2_D35,13,1,ADR
image_2_D35,20,1,ADR
image_2_D35,23,1,ADR
image_2_D35,28,1,OTHER
image_2_D35,30,1,ADR
image_2_D35,31,1,OTHER
image_2_D35,32,5,OTHER
image_2_D35,34,1,OTHER
image_2_D35,35,2,OTHER
image_2_D35,38,2,ADR
image_2_D35,39,2,ADR
image_2_D35,40,2,ADR
image_15_D35,1,2,ADR
image_15_D35,3,2,OTHER
image_15_D35,4,3,OTHER
image_15_D35,5,1,ADR
image_15_D35,6,5,OTHER
image_15_D35,7,1,OTHER
image_15_D35,10,3,MES
image_15_D35,11,2,OTHER
image_15_D35,12,2,OTHER
image_15_D35,13,1,OTHER
image_13_D35,1,2,ADR
image_13_D35,3,1,OTHER
image_13_D35,6,3,OTHER
image_13_D35,8,1,OTHER
image_24_D35,4,2,ADR
image_24_D35,15,1,ADR
image_24_D35,17,1,OTHER
image_24_D35,21,1,ADR
image_24_D35,24,1,ADR
image_24_D35,35,1,OTHER
image_24_D35,46,1,OTHER
image_24_D35,59,1,OTHER
image_24_D35,69,1,OTHER
image_24_D35,93,1,OTHER
image_24_D35,96,1,OTHER
image_24_D35,99,1,OTHER
image_24_D35,104,1,ADR
image_24_D35,107,1,ADR
image_24_D35,109,1,OTHER
image_24_D35,114,2,ADR
image_24_D35,124,1,OTHER
image_24_D35,162,1,OTHER
image_24_D35,168,1,ADR
image_24_D35,179,1,ADR
image_18_D35,1,2,OTHER
image_18_D35,2,5,MES
image_18_D35,6,1,OTHER
image_18_D35,8,4,MES
image_18_D35,9,3,MES
image_18_D35,10,23,MES
image_18_D35,11,1,OTHER
image_18_D35,27,1,OTHER
image_18_D35,28,6,MES
image_18_D35,30,1,OTHER
image_9_D35,1,4,OTHER
image_9_D35,3,4,OTHER
image_9_D35,5,2,ADR
image_9_D35,9,3,ADR
image_9_D35,12,3,OTHER
image_9_D35,13,2,ADR
image_9_D35,16,1,ADR
image_9_D35,18,6,MES
image_0_D35,1,1,ADR
image_0_D35,2,2,OTHER
image_0_D35,4,1,ADR
image_0_D35,7,1,OTHER
image_0_D35,10,3,ADR
image_0_D35,11,1,OTHER
image_0_D35,12,1,ADR
image_0_D35,13,11,OTHER
image_8_D35,1,8,MES
image_8_D35,2,7,MES
image_8_D35,3,3,OTHER
image_8_D35,4,2,ADR
image_8_D35,5,1,OTHER
image_8_D35,7,10,OTHER
image_8_D35,8,1,ADR
image_8_D35,10,1,ADR
image_8_D35,11,6,OTHER
image_8_D35,12,3,ADR
image_8_D35,13,1,ADR
image_8_D35,14,2,OTHER
image_8_D35,15,1,OTHER
image_8_D35,16,1,OTHER
image_8_D35,17,4,OTHER
image_8_D35,19,6,ADR
image_8_D35,20,1,ADR
image_8_D35,21,1,ADR
image_8_D35,22,2,ADR
image_17_D35,1,2,OTHER
image_17_D35,2,5,MES
image_17_D35,23,7,OTHER
image_17_D35,24,1,ADR
image_17_D35,43,1,OTHER
image_17_D35,49,10,MES
image_17_D35,50,17,MES
image_21_D35,1,16,MES
image_21_D35,4,1,OTHER
image_21_D35,10,1,OTHER
image_21_D35,11,2,ADR
image_21_D35,12,3,OTHER
image_21_D35,16,2,ADR
image_21_D35,17,3,OTHER
image_21_D35,23,2,ADR
image_21_D35,26,9,MES
image_21_D35,27,4,MES
image_21_D35,28,3,MES
image_21_D35,29,5,MES
image_21_D35,31,2,MES
image_21_D35,32,1,OTHER
image_10_D35,3,1,ADR
image_10_D35,4,9,MES
image_10_D35,5,2,ADR
image_10_D35,8,2,OTHER
image_10_D35,9,1,ADR
image_10_D35,10,1,ADR
image_10_D35,11,1,OTHER
image_10_D35,12,6,OTHER
image_10_D35,13,7,OTHER
image_10_D35,15,2,ADR
image_25_D35,11,1,ADR
image_25_D35,20,1,OTHER
image_25_D35,31,1,OTHER
image_25_D35,38,1,ADR
image_25_D35,51,1,MES
image_25_D35,58,1,ADR
image_25_D35,59,1,ADR
image_25_D35,60,1,ADR
image_25_D35,79,1,ADR
image_25_D35,91,1,OTHER
image_25_D35,107,1,ADR
image_25_D35,114,1,ADR
image_25_D35,118,1,ADR
image_25_D35,124,1,OTHER
image_25_D35,144,1,OTHER
image_14_D35,2,1,OTHER
image_14_D35,4,1,OTHER
image_14_D35,5,2,OTHER
image_14_D35,6,2,OTHER
image_14_D35,8,2,MES
image_19_D35,2,6,MES
image_19_D35,4,8,MES
image_19_D35,9,64,MES
image_19_D35,10,1,OTHER
image_19_D35,11,1,OTHER
image_19_D35,12,6,OTHER
image_19_D35,13,4,OTHER
image_1_D35,1,2,ADR
image_1_D35,2,1,ADR
image_1_D35,3,3,OTHER
image_1_D35,5,1,ADR
image_1_D35,6,1,ADR
image_1_D35,9,1,ADR
image_1_D35,11,7,MES
image_11_D35,1,1,OTHER
image_11_D35,2,4,OTHER
image_11_D35,3,2,OTHER
image_11_D35,4,6,OTHER
image_11_D35,5,1,OTHER
image_3_D35,1,2,MES
image_3_D35,2,2,OTHER
image_3_D35,6,5,OTHER
image_3_D35,7,1,ADR
image_3_D35,12,2,OTHER
image_3_D35,13,3,OTHER
image_3_D35,13,3,OTHER
image_3_D35,15,2,ADR
image_3_D35,17,1,ADR
image_3_D35,18,1,ADR
image_3_D35,19,2,OTHER
image_3_D35,20,3,OTHER
image_5_D35,1,3,ADR
image_5_D35,2,1,ADR
image_5_D35,3,1,ADR
image_5_D35,4,2,OTHER
image_5_D35,5,7,MES
image_5_D35,7,1,OTHER
image_5_D35,8,2,OTHER
image_23_D35,3,5,MES
image_23_D35,6,1,ADR
image_23_D35,11,1,OTHER
image_23_D35,12,1,ADR
image_23_D35,15,2,OTHER
image_23_D35,21,2,OTHER
image_23_D35,22,1,ADR
image_23_D35,29,1,ADR
image_23_D35,31,1,OTHER
image_23_D35,34,2,OTHER
image_23_D35,39,1,OTHER
image_23_D35,42,1,OTHER
image_23_D35,43,1,ADR
image_23_D35,44,2,OTHER
image_23_D35,45,1,ADR
image_23_D35,46,1,OTHER
image_23_D35,47,1,OTHER
image_23_D35,48,2,OTHER
image_23_D35,52,1,ADR
image_23_D35,55,1,ADR
image_23_D35,70,2,ADR
image_23_D35,76,1,ADR
image_23_D35,78,1,ADR
image_23_D35,85,1,ADR
image_23_D35,88,1,OTHER
image_23_D35,91,1,OTHER
image_23_D35,92,1,OTHER
image_20_D35,1,1,OTHER
image_20_D35,2,7,MES
image_20_D35,4,9,MES
image_20_D35,6,12,MES
image_20_D35,7,5,MES
image_6_D35,1,4,OTHER
image_6_D35,2,9,OTHER
image_6_D35,3,1,OTHER
image_6_D35,4,15,OTHER
image_6_D35,5,3,OTHER
image_6_D35,6,1,OTHER
image_6_D35,7,1,OTHER
image_6_D35,9,1,ADR
image_6_D35,10,9,MES
image_6_D35,11,1,ADR
image_6_D35,12,1,ADR
image_6_D35,14,3,ADR
image_6_D35,15,1,ADR
image_16_D35,2,1,OTHER
image_16_D35,2,1,OTHER
image_16_D35,5,4,OTHER
image_16_D35,9,1,OTHER
image_16_D35,11,1,OTHER
image_12_D35,1,2,OTHER
image_12_D35,2,3,OTHER
image_12_D35,4,1,OTHER
image_12_D35,6,1,OTHER
image_4_D35,5,8,MES
image_4_D35,10,3,MES
image_4_D35,13,2,ADR
image_4_D35,15,2,ADR
image_4_D35,20,8,MES
image_4_D35,23,1,OTHER
image_4_D35,24,1,OTHER
image_4_D35,25,1,OTHER
image_4_D35,26,1,MES
image_4_D35,29,6,MES
image_4_D35,31,5,MES
image_4_D35,33,8,MES
image_7_D35,6,11,MES
image_7_D35,7,5,MES
image_2_D35,3,10,MES
image_2_D35,7,1,OTHER
image_2_D35,12,1,OTHER
image_2_D35,15,3,MES
image_2_D35,18,3,OTHER
image_2_D35,19,1,ADR
image_2_D35,20,2,OTHER
image_2_D35,21,1,ADR
image_2_D35,23,1,ADR
image_15_D35,1,2,OTHER
image_15_D35,3,1,OTHER
image_15_D35,5,1,OTHER
image_15_D35,6,1,OTHER
image_13_D35,5,1,OTHER
image_13_D35,7,3,MES
image_13_D35,8,2,OTHER
image_18_D35,2,1,OTHER
image_18_D35,5,4,MES
image_18_D35,6,2,OTHER
image_9_D35,1,2,OTHER
image_9_D35,2,2,MES
image_0_D35,5,2,OTHER
image_0_D35,6,1,OTHER
image_0_D35,8,4,OTHER
image_8_D35,2,3,OTHER
image_17_D35,8,2,OTHER
image_17_D35,11,1,ADR
image_17_D35,18,1,OTHER
image_17_D35,22,1,OTHER
image_17_D35,23,2,OTHER
image_17_D35,24,1,OTHER
image_10_D35,1,9,MES
image_14_D35,1,1,OTHER
image_14_D35,2,1,OTHER
image_14_D35,3,2,MES
image_19_D35,1,1,MES
image_19_D35,6,1,ADR
image_19_D35,8,2,OTHER
image_19_D35,11,2,ADR
image_19_D35,12,1,OTHER
image_19_D35,13,1,ADR
image_19_D35,15,1,ADR
image_19_D35,23,1,OTHER
image_19_D35,27,2,OTHER
image_19_D35,30,1,ADR
image_19_D35,31,1,ADR
image_19_D35,38,1,OTHER
image_19_D35,42,1,OTHER
image_19_D35,47,1,OTHER
image_1_D35,3,1,MES
image_1_D35,4,1,OTHER
image_1_D35,14,1,ADR
image_11_D35,5,1,OTHER
image_11_D35,7,2,MES
image_11_D35,8,2,OTHER
image_3_D35,13,1,MES
image_5_D35,5,2,OTHER
image_5_D35,6,3,OTHER
image_5_D35,9,6,MES
image_5_D35,10,1,OTHER
image_5_D35,11,3,OTHER
image_5_D35,14,1,ADR
image_5_D35,16,1,OTHER
image_20_D35,12,2,OTHER
image_20_D35,13,2,OTHER
image_20_D35,14,4,OTHER
image_6_D35,1,5,MES
image_6_D35,4,1,OTHER
